coach,team,year_w_team,season
Lon Kruger,ATL,2,2001-2002
Jim O'Brien,BOS,2,2001-2002
Paul Silas,CHH,4,2001-2002
Tim Floyd,CHI,4,2001-2002
Bill Berry,CHI,1,2001-2002
Bill Cartwright,CHI,1,2001-2002
John Lucas,CLE,1,2001-2002
Don Nelson,DAL,5,2001-2002
Dan Issel,DEN,6,2001-2002
Mike Evans,DEN,1,2001-2002
Rick Carlisle,DET,1,2001-2002
Dave Cowens,GSW,2,2001-2002
Brian Winters,GSW,1,2001-2002
Rudy Tomjanovich,HOU,11,2001-2002
Isiah Thomas,IND,2,2001-2002
Alvin Gentry,LAC,2,2001-2002
Phil Jackson,LAL,3,2001-2002
Sidney Lowe,MEM,2,2001-2002
Pat Riley,MIA,7,2001-2002
George Karl,MIL,4,2001-2002
Flip Saunders,MIN,7,2001-2002
Byron Scott,NJN,2,2001-2002
Jeff Van Gundy,NYK,7,2001-2002
Don Chaney,NYK,1,2001-2002
Doc Rivers,ORL,3,2001-2002
Larry Brown,PHI,5,2001-2002
Scott Skiles,PHO,3,2001-2002
Frank Johnson,PHO,1,2001-2002
Maurice Cheeks,POR,1,2001-2002
Rick Adelman,SAC,4,2001-2002
Gregg Popovich,SAS,6,2001-2002
Nate McMillan,SEA,2,2001-2002
Lenny Wilkens,TOR,2,2001-2002
Jerry Sloan,UTA,14,2001-2002
Doug Collins,WAS,1,2001-2002
Terry Stotts,ATL,1,2002-2003
Jim O'Brien,BOS,3,2002-2003
Bill Cartwright,CHI,2,2002-2003
John Lucas,CLE,2,2002-2003
Keith Smart,CLE,1,2002-2003
Don Nelson,DAL,6,2002-2003
Jeff Bzdelik,DEN,1,2002-2003
Rick Carlisle,DET,2,2002-2003
Eric Musselman,GSW,1,2002-2003
Rudy Tomjanovich,HOU,12,2002-2003
Isiah Thomas,IND,3,2002-2003
Alvin Gentry,LAC,3,2002-2003
Dennis Johnson,LAC,1,2002-2003
Phil Jackson,LAL,4,2002-2003
Sidney Lowe,MEM,3,2002-2003
Hubie Brown,MEM,1,2002-2003
Pat Riley,MIA,8,2002-2003
George Karl,MIL,5,2002-2003
Flip Saunders,MIN,8,2002-2003
Byron Scott,NJN,3,2002-2003
Paul Silas,NOH,1,2002-2003
Don Chaney,NYK,2,2002-2003
Doc Rivers,ORL,4,2002-2003
Larry Brown,PHI,6,2002-2003
Frank Johnson,PHO,2,2002-2003
Maurice Cheeks,POR,2,2002-2003
Rick Adelman,SAC,5,2002-2003
Gregg Popovich,SAS,7,2002-2003
Nate McMillan,SEA,3,2002-2003
Lenny Wilkens,TOR,3,2002-2003
Jerry Sloan,UTA,15,2002-2003
Doug Collins,WAS,2,2002-2003
Jim O'Brien,BOS,4,2003-2004
John Carroll,BOS,1,2003-2004
Bill Cartwright,CHI,3,2003-2004
Pete Myers,CHI,1,2003-2004
Scott Skiles,CHI,1,2003-2004
Paul Silas,CLE,1,2003-2004
Don Nelson,DAL,7,2003-2004
Jeff Bzdelik,DEN,2,2003-2004
Larry Brown,DET,1,2003-2004
Eric Musselman,GSW,2,2003-2004
Jeff Van Gundy,HOU,1,2003-2004
Rick Carlisle,IND,1,2003-2004
Mike Dunleavy,LAC,1,2003-2004
Phil Jackson,LAL,5,2003-2004
Hubie Brown,MEM,2,2003-2004
Stan Van Gundy,MIA,1,2003-2004
Terry Porter,MIL,1,2003-2004
Flip Saunders,MIN,9,2003-2004
Byron Scott,NJN,4,2003-2004
Lawrence Frank,NJN,1,2003-2004
Tim Floyd,NOH,1,2003-2004
Don Chaney,NYK,3,2003-2004
Herb Williams,NYK,1,2003-2004
Lenny Wilkens,NYK,1,2003-2004
Doc Rivers,ORL,5,2003-2004
Johnny Davis,ORL,1,2003-2004
Randy Ayers,PHI,1,2003-2004
Chris Ford,PHI,1,2003-2004
Frank Johnson,PHO,3,2003-2004
Mike D'Antoni,PHO,1,2003-2004
Maurice Cheeks,POR,3,2003-2004
Rick Adelman,SAC,6,2003-2004
Gregg Popovich,SAS,8,2003-2004
Nate McMillan,SEA,4,2003-2004
Kevin O'Neill,TOR,1,2003-2004
Jerry Sloan,UTA,16,2003-2004
Mike Woodson,ATL,1,2004-2005
Doc Rivers,BOS,1,2004-2005
Bernie Bickerstaff,CHA,1,2004-2005
Scott Skiles,CHI,2,2004-2005
Paul Silas,CLE,2,2004-2005
Brendan Malone,CLE,1,2004-2005
Don Nelson,DAL,8,2004-2005
Avery Johnson,DAL,1,2004-2005
Jeff Bzdelik,DEN,3,2004-2005
Michael Cooper,DEN,1,2004-2005
George Karl,DEN,1,2004-2005
Larry Brown,DET,2,2004-2005
Mike Montgomery,GSW,1,2004-2005
Jeff Van Gundy,HOU,2,2004-2005
Rick Carlisle,IND,2,2004-2005
Mike Dunleavy,LAC,2,2004-2005
Rudy Tomjanovich,LAL,1,2004-2005
Frank Hamblen,LAL,1,2004-2005
Hubie Brown,MEM,3,2004-2005
Lionel Hollins,MEM,2,2004-2005
Mike Fratello,MEM,1,2004-2005
Stan Van Gundy,MIA,2,2004-2005
Terry Porter,MIL,2,2004-2005
Flip Saunders,MIN,10,2004-2005
Kevin McHale,MIN,1,2004-2005
Lawrence Frank,NJN,2,2004-2005
Byron Scott,NOH,1,2004-2005
Lenny Wilkens,NYK,2,2004-2005
Herb Williams,NYK,2,2004-2005
Johnny Davis,ORL,2,2004-2005
Chris Jent,ORL,1,2004-2005
Jim O'Brien,PHI,1,2004-2005
Mike D'Antoni,PHO,2,2004-2005
Maurice Cheeks,POR,4,2004-2005
Kevin Pritchard,POR,1,2004-2005
Rick Adelman,SAC,7,2004-2005
Gregg Popovich,SAS,9,2004-2005
Nate McMillan,SEA,5,2004-2005
Sam Mitchell,TOR,1,2004-2005
Jerry Sloan,UTA,17,2004-2005
Eddie Jordan,WAS,2,2004-2005
Mike Woodson,ATL,2,2005-2006
Doc Rivers,BOS,2,2005-2006
Bernie Bickerstaff,CHA,2,2005-2006
Scott Skiles,CHI,3,2005-2006
Mike Brown,CLE,1,2005-2006
Avery Johnson,DAL,2,2005-2006
George Karl,DEN,2,2005-2006
Flip Saunders,DET,1,2005-2006
Mike Montgomery,GSW,2,2005-2006
Jeff Van Gundy,HOU,3,2005-2006
Rick Carlisle,IND,3,2005-2006
Mike Dunleavy,LAC,3,2005-2006
Phil Jackson,LAL,6,2005-2006
Mike Fratello,MEM,2,2005-2006
Stan Van Gundy,MIA,3,2005-2006
Pat Riley,MIA,9,2005-2006
Terry Stotts,MIL,1,2005-2006
Dwane Casey,MIN,1,2005-2006
Lawrence Frank,NJN,3,2005-2006
Byron Scott,NOK,2,2005-2006
Larry Brown,NYK,1,2005-2006
Brian Hill,ORL,5,2005-2006
Maurice Cheeks,PHI,1,2005-2006
Mike D'Antoni,PHO,3,2005-2006
Nate McMillan,POR,1,2005-2006
Rick Adelman,SAC,8,2005-2006
Gregg Popovich,SAS,10,2005-2006
Bob Weiss,SEA,1,2005-2006
Bob Hill,SEA,1,2005-2006
Sam Mitchell,TOR,2,2005-2006
Jerry Sloan,UTA,18,2005-2006
Eddie Jordan,WAS,3,2005-2006
Mike Woodson,ATL,3,2006-2007
Doc Rivers,BOS,3,2006-2007
Bernie Bickerstaff,CHA,3,2006-2007
Scott Skiles,CHI,4,2006-2007
Mike Brown,CLE,2,2006-2007
Avery Johnson,DAL,3,2006-2007
George Karl,DEN,3,2006-2007
Flip Saunders,DET,2,2006-2007
Don Nelson,GSW,8,2006-2007
Jeff Van Gundy,HOU,4,2006-2007
Rick Carlisle,IND,4,2006-2007
Mike Dunleavy,LAC,4,2006-2007
Phil Jackson,LAL,7,2006-2007
Mike Fratello,MEM,3,2006-2007
Tony Barone,MEM,1,2006-2007
Pat Riley,MIA,10,2006-2007
Terry Stotts,MIL,2,2006-2007
Larry Krystkowiak,MIL,1,2006-2007
Dwane Casey,MIN,2,2006-2007
Randy Wittman,MIN,1,2006-2007
Lawrence Frank,NJN,4,2006-2007
Byron Scott,NOK,3,2006-2007
Isiah Thomas,NYK,1,2006-2007
Brian Hill,ORL,6,2006-2007
Maurice Cheeks,PHI,2,2006-2007
Mike D'Antoni,PHO,4,2006-2007
Nate McMillan,POR,2,2006-2007
Eric Musselman,SAC,1,2006-2007
Gregg Popovich,SAS,11,2006-2007
Bob Hill,SEA,2,2006-2007
Sam Mitchell,TOR,3,2006-2007
Jerry Sloan,UTA,19,2006-2007
Eddie Jordan,WAS,4,2006-2007
Mike Woodson,ATL,4,2007-2008
Doc Rivers,BOS,4,2007-2008
Sam Vincent,CHA,1,2007-2008
Scott Skiles,CHI,5,2007-2008
Pete Myers,CHI,2,2007-2008
Jim Boylan,CHI,1,2007-2008
Mike Brown,CLE,3,2007-2008
Avery Johnson,DAL,4,2007-2008
George Karl,DEN,4,2007-2008
Flip Saunders,DET,3,2007-2008
Don Nelson,GSW,9,2007-2008
Rick Adelman,HOU,1,2007-2008
Jim O'Brien,IND,1,2007-2008
Mike Dunleavy,LAC,5,2007-2008
Phil Jackson,LAL,8,2007-2008
Marc Iavaroni,MEM,1,2007-2008
Pat Riley,MIA,11,2007-2008
Larry Krystkowiak,MIL,2,2007-2008
Randy Wittman,MIN,2,2007-2008
Lawrence Frank,NJN,5,2007-2008
Byron Scott,NOH,4,2007-2008
Isiah Thomas,NYK,2,2007-2008
Stan Van Gundy,ORL,1,2007-2008
Maurice Cheeks,PHI,3,2007-2008
Mike D'Antoni,PHO,5,2007-2008
Nate McMillan,POR,3,2007-2008
Reggie Theus,SAC,1,2007-2008
Gregg Popovich,SAS,12,2007-2008
P.J. Carlesimo,SEA,1,2007-2008
Sam Mitchell,TOR,4,2007-2008
Jerry Sloan,UTA,20,2007-2008
Eddie Jordan,WAS,5,2007-2008
Mike Woodson,ATL,5,2008-2009
Doc Rivers,BOS,5,2008-2009
Larry Brown,CHA,1,2008-2009
Vinny Del Negro,CHI,1,2008-2009
Mike Brown,CLE,4,2008-2009
Rick Carlisle,DAL,1,2008-2009
George Karl,DEN,5,2008-2009
Michael Curry,DET,1,2008-2009
Don Nelson,GSW,10,2008-2009
Rick Adelman,HOU,2,2008-2009
Jim O'Brien,IND,2,2008-2009
Mike Dunleavy,LAC,6,2008-2009
Phil Jackson,LAL,9,2008-2009
Marc Iavaroni,MEM,2,2008-2009
Johnny Davis,MEM,1,2008-2009
Lionel Hollins,MEM,3,2008-2009
Erik Spoelstra,MIA,1,2008-2009
Scott Skiles,MIL,1,2008-2009
Randy Wittman,MIN,3,2008-2009
Kevin McHale,MIN,2,2008-2009
Lawrence Frank,NJN,6,2008-2009
Byron Scott,NOH,5,2008-2009
Mike D'Antoni,NYK,1,2008-2009
P.J. Carlesimo,OKC,2,2008-2009
Scott Brooks,OKC,1,2008-2009
Stan Van Gundy,ORL,2,2008-2009
Maurice Cheeks,PHI,4,2008-2009
Tony DiLeo,PHI,1,2008-2009
Terry Porter,PHO,1,2008-2009
Alvin Gentry,PHO,1,2008-2009
Nate McMillan,POR,4,2008-2009
Reggie Theus,SAC,2,2008-2009
Kenny Natt,SAC,1,2008-2009
Gregg Popovich,SAS,13,2008-2009
Sam Mitchell,TOR,5,2008-2009
Jay Triano,TOR,1,2008-2009
Jerry Sloan,UTA,21,2008-2009
Eddie Jordan,WAS,6,2008-2009
Mike Woodson,ATL,6,2008-2009
Doc Rivers,BOS,6,2008-2009
Larry Brown,CHA,2,2008-2009
Vinny Del Negro,CHI,2,2008-2009
Mike Brown,CLE,5,2008-2009
Rick Carlisle,DAL,2,2008-2009
George Karl,DEN,6,2008-2009
John Kuester,DET,1,2008-2009
Don Nelson,GSW,11,2008-2009
Rick Adelman,HOU,3,2008-2009
Jim O'Brien,IND,3,2008-2009
Mike Dunleavy,LAC,7,2008-2009
Kim Hughes,LAC,1,2008-2009
Phil Jackson,LAL,10,2008-2009
Lionel Hollins,MEM,4,2008-2009
Erik Spoelstra,MIA,2,2008-2009
Scott Skiles,MIL,2,2008-2009
Kurt Rambis,MIN,1,2008-2009
Lawrence Frank,NJN,7,2008-2009
Tom Barrise,NJN,1,2008-2009
Kiki Vandeweghe,NJN,1,2008-2009
Byron Scott,NOH,6,2008-2009
Jeff Bower,NOH,1,2008-2009
Mike D'Antoni,NYK,2,2008-2009
Scott Brooks,OKC,2,2008-2009
Stan Van Gundy,ORL,3,2008-2009
Eddie Jordan,PHI,1,2008-2009
Alvin Gentry,PHO,2,2008-2009
Nate McMillan,POR,5,2008-2009
Paul Westphal,SAC,1,2008-2009
Gregg Popovich,SAS,14,2008-2009
Jay Triano,TOR,2,2008-2009
Jerry Sloan,UTA,22,2008-2009
Flip Saunders,WAS,1,2008-2009
Larry Drew,ATL,2,2011-2012
Doc Rivers,BOS,8,2011-2012
Paul Silas,CHA,6,2011-2012
Tom Thibodeau,CHI,2,2011-2012
Byron Scott,CLE,2,2011-2012
Rick Carlisle,DAL,4,2011-2012
George Karl,DEN,8,2011-2012
Lawrence Frank,DET,1,2011-2012
Mark Jackson,GSW,1,2011-2012
Kevin McHale,HOU,1,2011-2012
Frank Vogel,IND,2,2011-2012
Vinny Del Negro,LAC,2,2011-2012
Mike Brown,LAL,1,2011-2012
Lionel Hollins,MEM,6,2011-2012
Erik Spoelstra,MIA,4,2011-2012
Scott Skiles,MIL,4,2011-2012
Rick Adelman,MIN,1,2011-2012
Avery Johnson,NJN,2,2011-2012
Monty Williams,NOH,2,2011-2012
Mike D'Antoni,NYK,4,2011-2012
Mike Woodson,NYK,1,2011-2012
Scott Brooks,OKC,4,2011-2012
Stan Van Gundy,ORL,5,2011-2012
Doug Collins,PHI,2,2011-2012
Alvin Gentry,PHO,4,2011-2012
Nate McMillan,POR,7,2011-2012
Kaleb Canales,POR,1,2011-2012
Paul Westphal,SAC,3,2011-2012
Keith Smart,SAC,1,2011-2012
Gregg Popovich,SAS,16,2011-2012
Dwane Casey,TOR,1,2011-2012
Tyrone Corbin,UTA,2,2011-2012
Flip Saunders,WAS,3,2011-2012
Larry Drew,ATL,3,2012-2013
Doc Rivers,BOS,9,2012-2013
Avery Johnson,BRK,3,2012-2013
P.J. Carlesimo,BRK,1,2012-2013
Mike Dunlap,CHA,1,2012-2013
Tom Thibodeau,CHI,3,2012-2013
Byron Scott,CLE,3,2012-2013
Rick Carlisle,DAL,5,2012-2013
George Karl,DEN,9,2012-2013
Lawrence Frank,DET,2,2012-2013
Mark Jackson,GSW,2,2012-2013
Kevin McHale,HOU,2,2012-2013
Frank Vogel,IND,3,2012-2013
Vinny Del Negro,LAC,3,2012-2013
Mike Brown,LAL,2,2012-2013
Bernie Bickerstaff,LAL,1,2012-2013
Mike D'Antoni,LAL,1,2012-2013
Lionel Hollins,MEM,7,2012-2013
Erik Spoelstra,MIA,5,2012-2013
Scott Skiles,MIL,5,2012-2013
Jim Boylan,MIL,1,2012-2013
Rick Adelman,MIN,2,2012-2013
Monty Williams,NOH,3,2012-2013
Mike Woodson,NYK,2,2012-2013
Scott Brooks,OKC,5,2012-2013
Jacque Vaughn,ORL,1,2012-2013
Doug Collins,PHI,3,2012-2013
Alvin Gentry,PHO,5,2012-2013
Lindsey Hunter,PHO,1,2012-2013
Terry Stotts,POR,1,2012-2013
Keith Smart,SAC,2,2012-2013
Gregg Popovich,SAS,17,2012-2013
Dwane Casey,TOR,2,2012-2013
Tyrone Corbin,UTA,3,2012-2013
Mike Budenholzer,ATL,1,2013-2014
Brad Stevens,BOS,1,2013-2014
Jason Kidd,BRK,1,2013-2014
Steve Clifford,CHA,1,2013-2014
Tom Thibodeau,CHI,4,2013-2014
Mike Brown,CLE,6,2013-2014
Rick Carlisle,DAL,6,2013-2014
Brian Shaw,DEN,1,2013-2014
Maurice Cheeks,DET,1,2013-2014
John Loyer,DET,1,2013-2014
Mark Jackson,GSW,3,2013-2014
Kevin McHale,HOU,3,2013-2014
Frank Vogel,IND,4,2013-2014
Doc Rivers,LAC,1,2013-2014
Mike D'Antoni,LAL,2,2013-2014
Dave Joerger,MEM,1,2013-2014
Erik Spoelstra,MIA,6,2013-2014
Larry Drew,MIL,1,2013-2014
Rick Adelman,MIN,3,2013-2014
Monty Williams,NOP,4,2013-2014
Mike Woodson,NYK,3,2013-2014
Scott Brooks,OKC,6,2013-2014
Jacque Vaughn,ORL,2,2013-2014
Brett Brown,PHI,1,2013-2014
Jeff Hornacek,PHO,1,2013-2014
Terry Stotts,POR,2,2013-2014
Michael Malone,SAC,1,2013-2014
Gregg Popovich,SAS,18,2013-2014
Dwane Casey,TOR,3,2013-2014
Tyrone Corbin,UTA,4,2013-2014
Randy Wittman,WAS,3,2013-2014
Mike Budenholzer,ATL,2,2014-2015
Brad Stevens,BOS,2,2014-2015
Lionel Hollins,BRK,1,2014-2015
Tom Thibodeau,CHI,5,2014-2015
Steve Clifford,CHO,2,2014-2015
David Blatt,CLE,1,2014-2015
Rick Carlisle,DAL,7,2014-2015
Brian Shaw,DEN,2,2014-2015
Melvin Hunt,DEN,1,2014-2015
Stan Van Gundy,DET,1,2014-2015
Steve Kerr,GSW,1,2014-2015
Kevin McHale,HOU,4,2014-2015
Frank Vogel,IND,5,2014-2015
Doc Rivers,LAC,2,2014-2015
Byron Scott,LAL,1,2014-2015
Dave Joerger,MEM,2,2014-2015
Erik Spoelstra,MIA,7,2014-2015
Jason Kidd,MIL,1,2014-2015
Flip Saunders,MIN,11,2014-2015
Monty Williams,NOP,5,2014-2015
Derek Fisher,NYK,1,2014-2015
Scott Brooks,OKC,7,2014-2015
Jacque Vaughn,ORL,3,2014-2015
James Borrego,ORL,1,2014-2015
Brett Brown,PHI,2,2014-2015
Jeff Hornacek,PHO,2,2014-2015
Terry Stotts,POR,3,2014-2015
Michael Malone,SAC,2,2014-2015
Tyrone Corbin,SAC,1,2014-2015
George Karl,SAC,1,2014-2015
Gregg Popovich,SAS,19,2014-2015
Dwane Casey,TOR,4,2014-2015
Quin Snyder,UTA,1,2014-2015
Randy Wittman,WAS,4,2014-2015
Mike Budenholzer,ATL,3,2015-2016
Brad Stevens,BOS,3,2015-2016
Lionel Hollins,BRK,2,2015-2016
Tony Brown,BRK,1,2015-2016
Fred Hoiberg,CHI,1,2015-2016
Steve Clifford,CHO,3,2015-2016
David Blatt,CLE,2,2015-2016
Tyronn Lue,CLE,1,2015-2016
Rick Carlisle,DAL,8,2015-2016
Michael Malone,DEN,1,2015-2016
Stan Van Gundy,DET,2,2015-2016
Steve Kerr,GSW,2,2015-2016
Kevin McHale,HOU,5,2015-2016
J.B. Bickerstaff,HOU,1,2015-2016
Frank Vogel,IND,6,2015-2016
Doc Rivers,LAC,3,2015-2016
Byron Scott,LAL,2,2015-2016
Dave Joerger,MEM,3,2015-2016
Erik Spoelstra,MIA,8,2015-2016
Jason Kidd,MIL,2,2015-2016
Sam Mitchell,MIN,1,2015-2016
Alvin Gentry,NOP,1,2015-2016
Derek Fisher,NYK,2,2015-2016
Kurt Rambis,NYK,1,2015-2016
Billy Donovan,OKC,1,2015-2016
Scott Skiles,ORL,1,2015-2016
Brett Brown,PHI,3,2015-2016
Jeff Hornacek,PHO,3,2015-2016
Earl Watson,PHO,1,2015-2016
Terry Stotts,POR,4,2015-2016
George Karl,SAC,2,2015-2016
Gregg Popovich,SAS,20,2015-2016
Dwane Casey,TOR,5,2015-2016
Quin Snyder,UTA,2,2015-2016
Randy Wittman,WAS,5,2015-2016
Mike Budenholzer,ATL,4,2016-2017
Brad Stevens,BOS,4,2016-2017
Kenny Atkinson,BRK,1,2016-2017
Fred Hoiberg,CHI,2,2016-2017
Steve Clifford,CHO,4,2016-2017
Tyronn Lue,CLE,2,2016-2017
Rick Carlisle,DAL,9,2016-2017
Michael Malone,DEN,2,2016-2017
Stan Van Gundy,DET,3,2016-2017
Steve Kerr,GSW,3,2016-2017
Mike D'Antoni,HOU,1,2016-2017
Nate McMillan,IND,1,2016-2017
Doc Rivers,LAC,4,2016-2017
Luke Walton,LAL,1,2016-2017
David Fizdale,MEM,1,2016-2017
Erik Spoelstra,MIA,9,2016-2017
Jason Kidd,MIL,3,2016-2017
Tom Thibodeau,MIN,1,2016-2017
Alvin Gentry,NOP,2,2016-2017
Jeff Hornacek,NYK,1,2016-2017
Billy Donovan,OKC,2,2016-2017
Frank Vogel,ORL,1,2016-2017
Brett Brown,PHI,4,2016-2017
Earl Watson,PHO,2,2016-2017
Terry Stotts,POR,5,2016-2017
Dave Joerger,SAC,1,2016-2017
Gregg Popovich,SAS,21,2016-2017
Dwane Casey,TOR,6,2016-2017
Quin Snyder,UTA,3,2016-2017
Scott Brooks,WAS,1,2016-2017
Mike Budenholzer,ATL,5,2017-2018
Brad Stevens,BOS,5,2017-2018
Kenny Atkinson,BRK,2,2017-2018
Fred Hoiberg,CHI,3,2017-2018
Steve Clifford,CHO,5,2017-2018
Tyronn Lue,CLE,3,2017-2018
Rick Carlisle,DAL,10,2017-2018
Michael Malone,DEN,3,2017-2018
Stan Van Gundy,DET,4,2017-2018
Steve Kerr,GSW,4,2017-2018
Mike D'Antoni,HOU,2,2017-2018
Nate McMillan,IND,2,2017-2018
Doc Rivers,LAC,5,2017-2018
Luke Walton,LAL,2,2017-2018
David Fizdale,MEM,2,2017-2018
J.B. Bickerstaff,MEM,1,2017-2018
Erik Spoelstra,MIA,10,2017-2018
Jason Kidd,MIL,4,2017-2018
Joe Prunty,MIL,1,2017-2018
Tom Thibodeau,MIN,2,2017-2018
Alvin Gentry,NOP,3,2017-2018
Jeff Hornacek,NYK,2,2017-2018
Billy Donovan,OKC,3,2017-2018
Frank Vogel,ORL,2,2017-2018
Brett Brown,PHI,5,2017-2018
Earl Watson,PHO,3,2017-2018
Jay Triano,PHO,1,2017-2018
Terry Stotts,POR,6,2017-2018
Dave Joerger,SAC,2,2017-2018
Gregg Popovich,SAS,22,2017-2018
Dwane Casey,TOR,7,2017-2018
Quin Snyder,UTA,4,2017-2018
Scott Brooks,WAS,2,2017-2018
Lloyd Pierce,ATL,1,2018-2019
Brad Stevens,BOS,6,2018-2019
Kenny Atkinson,BRK,3,2018-2019
Fred Hoiberg,CHI,4,2018-2019
Jim Boylen,CHI,1,2018-2019
James Borrego,CHO,1,2018-2019
Tyronn Lue,CLE,4,2018-2019
Larry Drew,CLE,1,2018-2019
Rick Carlisle,DAL,11,2018-2019
Michael Malone,DEN,4,2018-2019
Dwane Casey,DET,1,2018-2019
Steve Kerr,GSW,5,2018-2019
Mike D'Antoni,HOU,3,2018-2019
Nate McMillan,IND,3,2018-2019
Doc Rivers,LAC,6,2018-2019
Luke Walton,LAL,3,2018-2019
J.B. Bickerstaff,MEM,2,2018-2019
Erik Spoelstra,MIA,11,2018-2019
Mike Budenholzer,MIL,1,2018-2019
Tom Thibodeau,MIN,3,2018-2019
Ryan Saunders,MIN,1,2018-2019
Alvin Gentry,NOP,4,2018-2019
David Fizdale,NYK,1,2018-2019
Billy Donovan,OKC,4,2018-2019
Steve Clifford,ORL,1,2018-2019
Brett Brown,PHI,6,2018-2019
Igor Kokoskov,PHO,1,2018-2019
Terry Stotts,POR,7,2018-2019
Dave Joerger,SAC,3,2018-2019
Gregg Popovich,SAS,23,2018-2019
Nick Nurse,TOR,1,2018-2019
Quin Snyder,UTA,5,2018-2019
Scott Brooks,WAS,3,2018-2019
Lloyd Pierce,ATL,3,2020-2021
Nate McMillan,ATL,1,2020-2021
Brad Stevens,BOS,8,2020-2021
Steve Nash,BRK,1,2020-2021
Billy Donovan,CHI,1,2020-2021
James Borrego,CHO,3,2020-2021
J.B. Bickerstaff,CLE,2,2020-2021
Rick Carlisle,DAL,13,2020-2021
Michael Malone,DEN,6,2020-2021
Dwane Casey,DET,3,2020-2021
Steve Kerr,GSW,7,2020-2021
Stephen Silas,HOU,1,2020-2021
Nate Bjorkgren,IND,1,2020-2021
Tyronn Lue,LAC,1,2020-2021
Frank Vogel,LAL,2,2020-2021
Taylor Jenkins,MEM,2,2020-2021
Erik Spoelstra,MIA,13,2020-2021
Mike Budenholzer,MIL,3,2020-2021
Ryan Saunders,MIN,3,2020-2021
Chris Finch,MIN,1,2020-2021
Stan Van Gundy,NOP,1,2020-2021
Tom Thibodeau,NYK,1,2020-2021
Mark Daigneault,OKC,1,2020-2021
Steve Clifford,ORL,3,2020-2021
Doc Rivers,PHI,1,2020-2021
Monty Williams,PHO,2,2020-2021
Terry Stotts,POR,9,2020-2021
Luke Walton,SAC,2,2020-2021
Gregg Popovich,SAS,25,2020-2021
Nick Nurse,TOR,3,2020-2021
Quin Snyder,UTA,7,2020-2021
Scott Brooks,WAS,5,2020-2021
Nate McMillan,ATL,2,2021-2022
Ime Udoka,BOS,1,2021-2022
Steve Nash,BRK,2,2021-2022
Billy Donovan,CHI,2,2021-2022
James Borrego,CHO,4,2021-2022
J.B. Bickerstaff,CLE,3,2021-2022
Jason Kidd,DAL,1,2021-2022
Michael Malone,DEN,7,2021-2022
Dwane Casey,DET,4,2021-2022
Steve Kerr,GSW,8,2021-2022
Stephen Silas,HOU,2,2021-2022
Rick Carlisle,IND,5,2021-2022
Tyronn Lue,LAC,2,2021-2022
Frank Vogel,LAL,3,2021-2022
Taylor Jenkins,MEM,3,2021-2022
Erik Spoelstra,MIA,14,2021-2022
Mike Budenholzer,MIL,4,2021-2022
Chris Finch,MIN,2,2021-2022
Willie Green,NOP,1,2021-2022
Tom Thibodeau,NYK,2,2021-2022
Mark Daigneault,OKC,2,2021-2022
Jamahl Mosley,ORL,1,2021-2022
Doc Rivers,PHI,2,2021-2022
Monty Williams,PHO,3,2021-2022
Chauncey Billups,POR,1,2021-2022
Luke Walton,SAC,3,2021-2022
Alvin Gentry,SAC,1,2021-2022
Gregg Popovich,SAS,26,2021-2022
Nick Nurse,TOR,4,2021-2022
Quin Snyder,UTA,8,2021-2022
